Timestamp,Symbol,Pivot_Name,Pivot_Price,Current_Price,Outcome,Rejection_Reason,Notes
2025-12-24 09:30:14,MRNA,Current_Pivot,32.24,32.24,REJECTED,Volume data not available for today,
2025-12-24 09:30:19,MRNA,Current_Pivot,32.24,32.29,REJECTED,Volume data not available for today,
2025-12-24 09:30:24,MRNA,Current_Pivot,32.24,32.29,REJECTED,Volume data not available for today,
2025-12-24 09:30:29,MRNA,Current_Pivot,32.24,32.31,REJECTED,Volume data not available for today,
2025-12-24 09:30:34,MRNA,Current_Pivot,32.24,32.31,REJECTED,Volume data not available for today,
2025-12-24 09:30:39,MRNA,Current_Pivot,32.24,32.31,REJECTED,Volume data not available for today,
2025-12-24 09:30:44,CRCL,Current_Pivot,82.39,82.44,REJECTED,Volume data not available for today,
2025-12-24 09:30:44,MRNA,Current_Pivot,32.24,32.31,REJECTED,Volume data not available for today,
2025-12-24 09:30:49,SHAK,Current_Pivot,85.01,85.05,REJECTED,Volume data not available for today,
2025-12-24 09:30:54,SHAK,Current_Pivot,85.01,85.05,REJECTED,Volume data not available for today,
2025-12-24 09:30:55,SHAK,Current_Pivot,85.01,85.05,REJECTED,Volume data not available for today,
2025-12-24 09:31:00,CFLT,Current_Pivot,30.02,30.02,REJECTED,Volume data not available for today,
2025-12-24 09:31:05,CFLT,Current_Pivot,30.02,30.02,REJECTED,Volume data not available for today,
2025-12-24 09:31:10,CFLT,Current_Pivot,30.02,30.02,REJECTED,Volume data not available for today,
2025-12-24 09:31:15,CFLT,Current_Pivot,30.02,30.03,REJECTED,Volume data not available for today,
2025-12-24 09:31:20,CFLT,Current_Pivot,30.02,30.03,REJECTED,Volume data not available for today,
2025-12-24 09:31:25,CFLT,Current_Pivot,30.02,30.03,REJECTED,Volume data not available for today,
2025-12-24 09:31:30,CFLT,Current_Pivot,30.02,30.03,REJECTED,Volume data not available for today,
2025-12-24 09:31:35,CFLT,Current_Pivot,30.02,30.03,REJECTED,Volume data not available for today,
2025-12-24 09:31:40,CFLT,Current_Pivot,30.02,30.03,REJECTED,Volume data not available for today,
2025-12-24 09:31:45,EXEL,Current_Pivot,43.23,46.95,REJECTED,Volume data not available for today,
2025-12-24 09:31:45,EXEL,Current_R1,45.62,46.95,REJECTED,Volume data not available for today,
2025-12-24 09:31:45,EXEL,Current_R2,46.95,46.95,REJECTED,Volume data not available for today,
2025-12-24 09:31:45,CFLT,Current_Pivot,30.02,30.02,REJECTED,Volume data not available for today,
2025-12-24 09:31:50,EXEL,Current_Pivot,43.23,46.99,REJECTED,Volume data not available for today,
2025-12-24 09:31:50,EXEL,Current_R1,45.62,46.99,REJECTED,Volume data not available for today,
2025-12-24 09:31:50,EXEL,Current_R2,46.95,46.99,REJECTED,Volume data not available for today,
2025-12-24 09:31:50,CFLT,Current_Pivot,30.02,30.02,REJECTED,Volume data not available for today,
2025-12-24 09:31:55,CFLT,Current_Pivot,30.02,30.02,REJECTED,Volume data not available for today,
2025-12-24 09:32:00,CFLT,Current_Pivot,30.02,30.02,REJECTED,Volume data not available for today,
2025-12-24 09:32:05,CFLT,Current_Pivot,30.02,30.02,REJECTED,Volume data not available for today,
2025-12-24 09:32:15,DOCU,Current_Pivot,69.29,69.34,REJECTED,Volume data not available for today,
2025-12-24 09:32:20,DOCU,Current_Pivot,69.29,69.34,REJECTED,Volume data not available for today,
2025-12-24 09:32:25,DOCU,Current_Pivot,69.29,69.34,REJECTED,"Volume $1,847,925 < $14,000,000 threshold",
2025-12-24 09:33:00,UBER,Current_Pivot,80.41,80.72,REJECTED,Pivot $80.41 <= opening $81.01,
2025-12-24 09:33:00,IREN,Current_Pivot,37.88,41.83,REJECTED,Pivot $37.88 <= opening $41.83,
2025-12-24 09:33:30,UBER,Current_Pivot,80.41,80.66,REJECTED,Pivot $80.41 <= opening $81.01,
2025-12-24 09:33:30,IREN,Current_Pivot,37.88,41.94,REJECTED,Pivot $37.88 <= opening $41.83,
2025-12-24 09:34:00,UBER,Current_Pivot,80.41,80.69,REJECTED,Pivot $80.41 <= opening $81.01,
2025-12-24 09:34:00,IREN,Current_Pivot,37.88,41.86,REJECTED,Pivot $37.88 <= opening $41.83,
2025-12-24 09:34:30,UBER,Current_Pivot,80.41,80.83,REJECTED,Pivot $80.41 <= opening $81.01,
2025-12-24 09:34:30,IREN,Current_Pivot,37.88,41.95,REJECTED,Pivot $37.88 <= opening $41.83,
2025-12-24 09:35:00,UBER,Current_Pivot,80.41,80.86,REJECTED,Pivot $80.41 <= opening $81.01,
2025-12-24 09:35:00,IREN,Current_Pivot,37.88,42.11,REJECTED,Pivot $37.88 <= opening $41.83,
2025-12-24 09:35:30,UBER,Current_Pivot,80.41,80.79,REJECTED,Pivot $80.41 <= opening $81.01,
2025-12-24 09:35:30,IREN,Current_Pivot,37.88,42.06,REJECTED,Pivot $37.88 <= opening $41.83,
2025-12-24 09:36:00,UBER,Current_Pivot,80.41,80.71,REJECTED,Pivot $80.41 <= opening $81.01,
2025-12-24 09:36:00,IREN,Current_Pivot,37.88,42.05,REJECTED,Pivot $37.88 <= opening $41.83,
2025-12-24 09:36:30,UBER,Current_Pivot,80.41,80.66,REJECTED,Pivot $80.41 <= opening $81.01,
2025-12-24 09:36:30,IREN,Current_Pivot,37.88,41.95,REJECTED,Pivot $37.88 <= opening $41.83,
2025-12-24 09:37:00,UBER,Current_Pivot,80.41,80.66,REJECTED,Pivot $80.41 <= opening $81.01,
2025-12-24 09:37:00,IREN,Current_Pivot,37.88,41.89,REJECTED,Pivot $37.88 <= opening $41.83,
2025-12-24 09:37:30,UBER,Current_Pivot,80.41,80.65,REJECTED,Pivot $80.41 <= opening $81.01,
2025-12-24 09:37:30,IREN,Current_Pivot,37.88,41.81,REJECTED,Pivot $37.88 <= opening $41.83,
2025-12-24 09:38:00,UBER,Current_Pivot,80.41,80.70,REJECTED,Pivot $80.41 <= opening $81.01,
2025-12-24 09:38:00,IREN,Current_Pivot,37.88,41.87,REJECTED,Pivot $37.88 <= opening $41.83,
2025-12-24 09:38:30,UBER,Current_Pivot,80.41,80.78,REJECTED,Pivot $80.41 <= opening $81.01,
2025-12-24 09:38:30,IREN,Current_Pivot,37.88,41.74,REJECTED,Pivot $37.88 <= opening $41.83,
2025-12-24 09:39:00,UBER,Current_Pivot,80.41,80.80,REJECTED,Pivot $80.41 <= opening $81.01,
2025-12-24 09:39:00,IREN,Current_Pivot,37.88,41.80,REJECTED,Pivot $37.88 <= opening $41.83,
2025-12-24 09:39:31,UBER,Current_Pivot,80.41,80.82,REJECTED,Pivot $80.41 <= opening $81.01,
2025-12-24 09:39:31,IREN,Current_Pivot,37.88,41.83,REJECTED,Pivot $37.88 <= opening $41.83,
2025-12-24 09:40:01,UBER,Current_Pivot,80.41,80.92,REJECTED,Pivot $80.41 <= opening $81.01,
2025-12-24 09:40:01,IREN,Current_Pivot,37.88,41.99,REJECTED,Pivot $37.88 <= opening $41.83,
2025-12-24 09:40:31,UBER,Current_Pivot,80.41,80.95,REJECTED,Pivot $80.41 <= opening $81.01,
2025-12-24 09:40:31,IREN,Current_Pivot,37.88,42.13,REJECTED,Pivot $37.88 <= opening $41.83,
2025-12-24 09:41:01,UBER,Current_Pivot,80.41,80.92,REJECTED,Pivot $80.41 <= opening $81.01,
2025-12-24 09:41:01,IREN,Current_Pivot,37.88,42.29,REJECTED,Pivot $37.88 <= opening $41.83,
2025-12-24 09:41:31,UBER,Current_Pivot,80.41,80.92,REJECTED,Pivot $80.41 <= opening $81.01,
2025-12-24 09:41:31,IREN,Current_Pivot,37.88,42.61,REJECTED,Pivot $37.88 <= opening $41.83,
2025-12-24 09:41:31,IREN,Current_R1,42.41,42.61,REJECTED,Dollar volume unavailable (mid-day restart),
2025-12-24 09:42:01,UBER,Current_Pivot,80.41,80.87,REJECTED,Pivot $80.41 <= opening $81.01,
2025-12-24 09:42:01,IREN,Current_Pivot,37.88,42.50,REJECTED,Pivot $37.88 <= opening $41.83,
2025-12-24 09:42:01,IREN,Current_R1,42.41,42.50,REJECTED,Dollar volume unavailable (mid-day restart),
2025-12-24 09:42:31,UBER,Current_Pivot,80.41,80.87,REJECTED,Pivot $80.41 <= opening $81.01,
2025-12-24 09:42:31,IREN,Current_Pivot,37.88,42.67,REJECTED,Pivot $37.88 <= opening $41.83,
2025-12-24 09:42:31,IREN,Current_R1,42.41,42.67,REJECTED,Dollar volume unavailable (mid-day restart),
2025-12-24 09:43:01,UBER,Current_Pivot,80.41,80.86,REJECTED,Pivot $80.41 <= opening $81.01,
2025-12-24 09:43:01,IREN,Current_Pivot,37.88,42.80,REJECTED,Pivot $37.88 <= opening $41.83,
2025-12-24 09:43:01,IREN,Current_R1,42.41,42.80,REJECTED,Dollar volume unavailable (mid-day restart),
2025-12-24 09:43:31,UBER,Current_Pivot,80.41,80.77,REJECTED,Pivot $80.41 <= opening $81.01,
2025-12-24 09:43:31,IREN,Current_Pivot,37.88,42.83,REJECTED,Pivot $37.88 <= opening $41.83,
2025-12-24 09:43:31,IREN,Current_R1,42.41,42.83,REJECTED,Dollar volume unavailable (mid-day restart),
2025-12-24 09:44:01,UBER,Current_Pivot,80.41,80.80,REJECTED,Pivot $80.41 <= opening $81.01,
2025-12-24 09:44:01,IREN,Current_Pivot,37.88,42.65,REJECTED,Pivot $37.88 <= opening $41.83,
2025-12-24 09:44:01,IREN,Current_R1,42.41,42.65,REJECTED,Dollar volume unavailable (mid-day restart),
2025-12-24 09:44:31,UBER,Current_Pivot,80.41,80.78,REJECTED,Pivot $80.41 <= opening $81.01,
2025-12-24 09:44:31,IREN,Current_Pivot,37.88,42.55,REJECTED,Pivot $37.88 <= opening $41.83,
2025-12-24 09:44:31,IREN,Current_R1,42.41,42.55,REJECTED,Dollar volume unavailable (mid-day restart),
2025-12-24 09:45:01,UBER,Current_Pivot,80.41,80.88,REJECTED,Pivot $80.41 <= opening $81.01,
2025-12-24 09:45:01,IREN,Current_Pivot,37.88,42.59,REJECTED,Pivot $37.88 <= opening $41.83,
2025-12-24 09:45:01,IREN,Current_R1,42.41,42.59,REJECTED,Dollar volume unavailable (mid-day restart),
2025-12-24 09:45:31,UBER,Current_Pivot,80.41,80.85,REJECTED,Pivot $80.41 <= opening $81.01,
2025-12-24 09:45:36,UBER,Current_Pivot,80.41,80.85,REJECTED,Pivot $80.41 <= opening $81.01,
2025-12-24 09:45:36,IREN,Current_Pivot,37.88,42.28,REJECTED,Pivot $37.88 <= opening $41.83,
2025-12-24 09:46:06,UBER,Current_Pivot,80.41,80.84,REJECTED,Pivot $80.41 <= opening $81.01,
2025-12-24 09:46:06,IREN,Current_Pivot,37.88,42.21,REJECTED,Pivot $37.88 <= opening $41.83,
2025-12-24 09:46:36,UBER,Current_Pivot,80.41,80.86,REJECTED,Pivot $80.41 <= opening $81.01,
2025-12-24 09:46:36,IREN,Current_Pivot,37.88,42.13,REJECTED,Pivot $37.88 <= opening $41.83,
2025-12-24 09:47:06,UBER,Current_Pivot,80.41,80.75,REJECTED,Pivot $80.41 <= opening $81.01,
2025-12-24 09:47:06,IREN,Current_Pivot,37.88,42.14,REJECTED,Pivot $37.88 <= opening $41.83,
2025-12-24 09:47:36,UBER,Current_Pivot,80.41,80.68,REJECTED,Pivot $80.41 <= opening $81.01,
2025-12-24 09:47:36,IREN,Current_Pivot,37.88,42.07,REJECTED,Pivot $37.88 <= opening $41.83,
2025-12-24 09:48:06,UBER,Current_Pivot,80.41,80.78,REJECTED,Pivot $80.41 <= opening $81.01,
2025-12-24 09:48:06,IREN,Current_Pivot,37.88,41.96,REJECTED,Pivot $37.88 <= opening $41.83,
2025-12-24 09:48:36,UBER,Current_Pivot,80.41,80.76,REJECTED,Pivot $80.41 <= opening $81.01,
2025-12-24 09:48:36,IREN,Current_Pivot,37.88,41.83,REJECTED,Pivot $37.88 <= opening $41.83,
2025-12-24 09:49:06,UBER,Current_Pivot,80.41,80.77,REJECTED,Pivot $80.41 <= opening $81.01,
2025-12-24 09:49:06,IREN,Current_Pivot,37.88,41.95,REJECTED,Pivot $37.88 <= opening $41.83,
2025-12-24 09:49:36,UBER,Current_Pivot,80.41,80.74,REJECTED,Pivot $80.41 <= opening $81.01,
2025-12-24 09:49:36,IREN,Current_Pivot,37.88,41.89,REJECTED,Pivot $37.88 <= opening $41.83,
2025-12-24 09:50:06,UBER,Current_Pivot,80.41,80.75,REJECTED,Pivot $80.41 <= opening $81.01,
2025-12-24 09:50:06,IREN,Current_Pivot,37.88,41.98,REJECTED,Pivot $37.88 <= opening $41.83,
2025-12-24 09:50:36,UBER,Current_Pivot,80.41,80.81,REJECTED,Pivot $80.41 <= opening $81.01,
2025-12-24 09:50:36,IREN,Current_Pivot,37.88,41.95,REJECTED,Pivot $37.88 <= opening $41.83,
2025-12-24 09:51:06,UBER,Current_Pivot,80.41,80.79,REJECTED,Pivot $80.41 <= opening $81.01,
2025-12-24 09:51:06,IREN,Current_Pivot,37.88,41.89,REJECTED,Pivot $37.88 <= opening $41.83,
2025-12-24 09:51:36,UBER,Current_Pivot,80.41,80.74,REJECTED,Pivot $80.41 <= opening $81.01,
2025-12-24 09:51:36,IREN,Current_Pivot,37.88,42.06,REJECTED,Pivot $37.88 <= opening $41.83,
2025-12-24 09:52:06,UBER,Current_Pivot,80.41,80.70,REJECTED,Pivot $80.41 <= opening $81.01,
2025-12-24 09:52:06,IREN,Current_Pivot,37.88,41.96,REJECTED,Pivot $37.88 <= opening $41.83,
2025-12-24 09:52:36,UBER,Current_Pivot,80.41,80.67,REJECTED,Pivot $80.41 <= opening $81.01,
2025-12-24 09:52:36,IREN,Current_Pivot,37.88,42.01,REJECTED,Pivot $37.88 <= opening $41.83,
2025-12-24 09:53:06,UBER,Current_Pivot,80.41,80.67,REJECTED,Pivot $80.41 <= opening $81.01,
2025-12-24 09:53:06,IREN,Current_Pivot,37.88,42.00,REJECTED,Pivot $37.88 <= opening $41.83,
2025-12-24 09:53:36,UBER,Current_Pivot,80.41,80.71,REJECTED,Pivot $80.41 <= opening $81.01,
2025-12-24 09:53:36,IREN,Current_Pivot,37.88,41.99,REJECTED,Pivot $37.88 <= opening $41.83,
2025-12-24 09:54:07,UBER,Current_Pivot,80.41,80.69,REJECTED,Pivot $80.41 <= opening $81.01,
2025-12-24 09:54:07,IREN,Current_Pivot,37.88,41.81,REJECTED,Pivot $37.88 <= opening $41.83,
2025-12-24 09:54:37,UBER,Current_Pivot,80.41,80.69,REJECTED,Pivot $80.41 <= opening $81.01,
2025-12-24 09:54:37,IREN,Current_Pivot,37.88,41.80,REJECTED,Pivot $37.88 <= opening $41.83,
2025-12-24 09:55:07,UBER,Current_Pivot,80.41,80.69,REJECTED,Pivot $80.41 <= opening $81.01,
2025-12-24 09:55:07,IREN,Current_Pivot,37.88,41.85,REJECTED,Pivot $37.88 <= opening $41.83,
2025-12-24 09:55:37,UBER,Current_Pivot,80.41,80.69,REJECTED,Pivot $80.41 <= opening $81.01,
2025-12-24 09:55:37,IREN,Current_Pivot,37.88,41.75,REJECTED,Pivot $37.88 <= opening $41.83,
2025-12-24 09:56:07,UBER,Current_Pivot,80.41,80.71,REJECTED,Pivot $80.41 <= opening $81.01,
2025-12-24 09:56:07,IREN,Current_Pivot,37.88,41.63,REJECTED,Pivot $37.88 <= opening $41.83,
2025-12-24 09:56:37,UBER,Current_Pivot,80.41,80.80,REJECTED,Pivot $80.41 <= opening $81.01,
2025-12-24 09:56:37,IREN,Current_Pivot,37.88,41.56,REJECTED,Pivot $37.88 <= opening $41.83,
2025-12-24 09:57:07,UBER,Current_Pivot,80.41,80.83,REJECTED,Pivot $80.41 <= opening $81.01,
2025-12-24 09:57:07,IREN,Current_Pivot,37.88,41.39,REJECTED,Pivot $37.88 <= opening $41.83,
2025-12-24 09:57:07,IONQ,Current_Pivot,48.60,49.42,REJECTED,Pivot $48.60 <= opening $51.70,
2025-12-24 09:57:37,UBER,Current_Pivot,80.41,80.78,REJECTED,Pivot $80.41 <= opening $81.01,
2025-12-24 09:57:37,IONQ,Current_Pivot,48.60,49.34,REJECTED,Pivot $48.60 <= opening $51.70,
2025-12-24 09:57:37,IREN,Current_Pivot,37.88,41.32,REJECTED,Pivot $37.88 <= opening $41.83,
2025-12-24 09:58:07,UBER,Current_Pivot,80.41,80.78,REJECTED,Pivot $80.41 <= opening $81.01,
2025-12-24 09:58:07,IONQ,Current_Pivot,48.60,49.24,REJECTED,Pivot $48.60 <= opening $51.70,
2025-12-24 09:58:07,IREN,Current_Pivot,37.88,41.27,REJECTED,Pivot $37.88 <= opening $41.83,
2025-12-24 09:58:37,UBER,Current_Pivot,80.41,80.76,REJECTED,Pivot $80.41 <= opening $81.01,
2025-12-24 09:58:37,IONQ,Current_Pivot,48.60,49.20,REJECTED,Pivot $48.60 <= opening $51.70,
2025-12-24 09:59:07,UBER,Current_Pivot,80.41,80.88,REJECTED,Pivot $80.41 <= opening $81.01,
2025-12-24 09:59:07,IONQ,Current_Pivot,48.60,49.28,REJECTED,Pivot $48.60 <= opening $51.70,
2025-12-24 09:59:07,IREN,Current_Pivot,37.88,41.07,REJECTED,Pivot $37.88 <= opening $41.83,
2025-12-24 09:59:17,IREN,Current_Pivot,37.88,41.07,REJECTED,Pivot $37.88 <= opening $41.83,
2025-12-24 09:59:37,UBER,Current_Pivot,80.41,80.83,REJECTED,Pivot $80.41 <= opening $81.01,
2025-12-24 09:59:37,IONQ,Current_Pivot,48.60,49.29,REJECTED,Pivot $48.60 <= opening $51.70,
2025-12-24 09:59:37,IREN,Current_Pivot,37.88,41.14,REJECTED,Pivot $37.88 <= opening $41.83,
2025-12-24 10:00:07,UBER,Current_Pivot,80.41,80.84,REJECTED,Pivot $80.41 <= opening $81.01,
2025-12-24 10:00:07,IONQ,Current_Pivot,48.60,49.13,REJECTED,Pivot $48.60 <= opening $51.70,
2025-12-24 10:00:07,IREN,Current_Pivot,37.88,40.94,REJECTED,Pivot $37.88 <= opening $41.83,
2025-12-24 10:00:37,UBER,Current_Pivot,80.41,80.89,REJECTED,Pivot $80.41 <= opening $81.01,
2025-12-24 10:00:37,IONQ,Current_Pivot,48.60,49.34,REJECTED,Pivot $48.60 <= opening $51.70,
2025-12-24 10:00:37,IREN,Current_Pivot,37.88,41.24,REJECTED,Pivot $37.88 <= opening $41.83,
2025-12-24 10:01:07,UBER,Current_Pivot,80.41,80.84,REJECTED,Pivot $80.41 <= opening $81.01,
2025-12-24 10:01:07,IREN,Current_Pivot,37.88,41.36,REJECTED,Pivot $37.88 <= opening $41.83,
2025-12-24 10:01:07,IONQ,Current_Pivot,48.60,49.46,REJECTED,Pivot $48.60 <= opening $51.70,
2025-12-24 10:01:37,UBER,Current_Pivot,80.41,80.86,REJECTED,Pivot $80.41 <= opening $81.01,
2025-12-24 10:01:37,IONQ,Current_Pivot,48.60,49.28,REJECTED,Pivot $48.60 <= opening $51.70,
2025-12-24 10:01:37,IREN,Current_Pivot,37.88,41.20,REJECTED,Pivot $37.88 <= opening $41.83,
2025-12-24 10:02:07,UBER,Current_Pivot,80.41,80.88,REJECTED,Pivot $80.41 <= opening $81.01,
2025-12-24 10:02:07,IONQ,Current_Pivot,48.60,49.31,REJECTED,Pivot $48.60 <= opening $51.70,
2025-12-24 10:02:07,IREN,Current_Pivot,37.88,41.37,REJECTED,Pivot $37.88 <= opening $41.83,
2025-12-24 10:02:37,UBER,Current_Pivot,80.41,80.96,REJECTED,Pivot $80.41 <= opening $81.01,
2025-12-24 10:02:37,IONQ,Current_Pivot,48.60,49.19,REJECTED,Pivot $48.60 <= opening $51.70,
2025-12-24 10:02:37,IREN,Current_Pivot,37.88,41.42,REJECTED,Pivot $37.88 <= opening $41.83,
2025-12-24 10:03:07,UBER,Current_Pivot,80.41,81.00,REJECTED,Pivot $80.41 <= opening $81.01,
2025-12-24 10:03:07,IONQ,Current_Pivot,48.60,49.26,REJECTED,Pivot $48.60 <= opening $51.70,
2025-12-24 10:03:07,IREN,Current_Pivot,37.88,41.38,REJECTED,Pivot $37.88 <= opening $41.83,
2025-12-24 10:03:37,UBER,Current_Pivot,80.41,81.02,REJECTED,Pivot $80.41 <= opening $81.01,
2025-12-24 10:03:37,IREN,Current_Pivot,37.88,41.40,REJECTED,Pivot $37.88 <= opening $41.83,
2025-12-24 10:03:42,UBER,Current_Pivot,80.41,81.02,REJECTED,Pivot $80.41 <= opening $81.01,
2025-12-24 10:03:42,IREN,Current_Pivot,37.88,41.40,REJECTED,Pivot $37.88 <= opening $41.83,
2025-12-24 10:03:42,IONQ,Current_Pivot,48.60,49.35,REJECTED,Pivot $48.60 <= opening $51.70,
2025-12-24 10:04:12,UBER,Current_Pivot,80.41,80.97,REJECTED,Pivot $80.41 <= opening $81.01,
2025-12-24 10:04:12,IONQ,Current_Pivot,48.60,49.25,REJECTED,Pivot $48.60 <= opening $51.70,
2025-12-24 10:04:12,IREN,Current_Pivot,37.88,41.39,REJECTED,Pivot $37.88 <= opening $41.83,
2025-12-24 10:04:42,UBER,Current_Pivot,80.41,81.03,REJECTED,Pivot $80.41 <= opening $81.01,
2025-12-24 10:04:42,IREN,Current_Pivot,37.88,41.45,REJECTED,Pivot $37.88 <= opening $41.83,
2025-12-24 10:04:42,IONQ,Current_Pivot,48.60,49.37,REJECTED,Pivot $48.60 <= opening $51.70,
2025-12-24 10:05:12,UBER,Current_Pivot,80.41,80.97,REJECTED,Pivot $80.41 <= opening $81.01,
2025-12-24 10:05:12,IREN,Current_Pivot,37.88,41.47,REJECTED,Pivot $37.88 <= opening $41.83,
2025-12-24 10:05:12,IONQ,Current_Pivot,48.60,49.42,REJECTED,Pivot $48.60 <= opening $51.70,
2025-12-24 10:05:42,UBER,Current_Pivot,80.41,80.94,REJECTED,Pivot $80.41 <= opening $81.01,
2025-12-24 10:05:42,IREN,Current_Pivot,37.88,41.50,REJECTED,Pivot $37.88 <= opening $41.83,
2025-12-24 10:05:42,IONQ,Current_Pivot,48.60,49.44,REJECTED,Pivot $48.60 <= opening $51.70,
2025-12-24 10:06:12,UBER,Current_Pivot,80.41,80.85,REJECTED,Pivot $80.41 <= opening $81.01,
2025-12-24 10:06:12,IONQ,Current_Pivot,48.60,49.17,REJECTED,Pivot $48.60 <= opening $51.70,
2025-12-24 10:06:12,IREN,Current_Pivot,37.88,41.48,REJECTED,Pivot $37.88 <= opening $41.83,
2025-12-24 10:06:42,UBER,Current_Pivot,80.41,80.90,REJECTED,Pivot $80.41 <= opening $81.01,
2025-12-24 10:06:42,IREN,Current_Pivot,37.88,41.59,REJECTED,Pivot $37.88 <= opening $41.83,
2025-12-24 10:06:42,IONQ,Current_Pivot,48.60,49.24,REJECTED,Pivot $48.60 <= opening $51.70,
2025-12-24 10:07:12,UBER,Current_Pivot,80.41,80.93,REJECTED,Pivot $80.41 <= opening $81.01,
2025-12-24 10:07:12,IREN,Current_Pivot,37.88,41.57,REJECTED,Pivot $37.88 <= opening $41.83,
2025-12-24 10:07:12,IONQ,Current_Pivot,48.60,49.12,REJECTED,Pivot $48.60 <= opening $51.70,
2025-12-24 10:07:42,UBER,Current_Pivot,80.41,80.93,REJECTED,Pivot $80.41 <= opening $81.01,
2025-12-24 10:07:42,IONQ,Current_Pivot,48.60,49.04,REJECTED,Pivot $48.60 <= opening $51.70,
2025-12-24 10:07:42,IREN,Current_Pivot,37.88,41.43,REJECTED,Pivot $37.88 <= opening $41.83,
2025-12-24 10:08:13,UBER,Current_Pivot,80.41,80.93,REJECTED,Pivot $80.41 <= opening $81.01,
2025-12-24 10:08:13,IONQ,Current_Pivot,48.60,49.09,REJECTED,Pivot $48.60 <= opening $51.70,
2025-12-24 10:08:13,IREN,Current_Pivot,37.88,41.33,REJECTED,Pivot $37.88 <= opening $41.83,
2025-12-24 10:08:43,UBER,Current_Pivot,80.41,80.94,REJECTED,Pivot $80.41 <= opening $81.01,
2025-12-24 10:08:43,IONQ,Current_Pivot,48.60,49.11,REJECTED,Pivot $48.60 <= opening $51.70,
2025-12-24 10:08:43,IREN,Current_Pivot,37.88,41.34,REJECTED,Pivot $37.88 <= opening $41.83,
2025-12-24 10:09:13,UBER,Current_Pivot,80.41,80.92,REJECTED,Pivot $80.41 <= opening $81.01,
2025-12-24 10:09:13,IONQ,Current_Pivot,48.60,49.17,REJECTED,Pivot $48.60 <= opening $51.70,
2025-12-24 10:09:13,IREN,Current_Pivot,37.88,41.37,REJECTED,Pivot $37.88 <= opening $41.83,
2025-12-24 10:09:43,UBER,Current_Pivot,80.41,80.91,REJECTED,Pivot $80.41 <= opening $81.01,
2025-12-24 10:09:43,IONQ,Current_Pivot,48.60,49.14,REJECTED,Pivot $48.60 <= opening $51.70,
2025-12-24 10:09:43,IREN,Current_Pivot,37.88,41.48,REJECTED,Pivot $37.88 <= opening $41.83,
2025-12-24 10:10:13,UBER,Current_Pivot,80.41,80.87,REJECTED,Pivot $80.41 <= opening $81.01,
2025-12-24 10:10:13,IONQ,Current_Pivot,48.60,49.12,REJECTED,Pivot $48.60 <= opening $51.70,
2025-12-24 10:10:13,IREN,Current_Pivot,37.88,41.43,REJECTED,Pivot $37.88 <= opening $41.83,
2025-12-24 10:10:43,UBER,Current_Pivot,80.41,80.94,REJECTED,Pivot $80.41 <= opening $81.01,
2025-12-24 10:10:43,IONQ,Current_Pivot,48.60,49.16,REJECTED,Pivot $48.60 <= opening $51.70,
2025-12-24 10:10:43,IREN,Current_Pivot,37.88,41.41,REJECTED,Pivot $37.88 <= opening $41.83,
2025-12-24 10:11:13,UBER,Current_Pivot,80.41,81.00,REJECTED,Pivot $80.41 <= opening $81.01,
2025-12-24 10:11:13,IONQ,Current_Pivot,48.60,49.08,REJECTED,Pivot $48.60 <= opening $51.70,
2025-12-24 10:11:13,IREN,Current_Pivot,37.88,41.39,REJECTED,Pivot $37.88 <= opening $41.83,
2025-12-24 10:11:43,UBER,Current_Pivot,80.41,80.99,REJECTED,Pivot $80.41 <= opening $81.01,
2025-12-24 10:11:43,IONQ,Current_Pivot,48.60,49.09,REJECTED,Pivot $48.60 <= opening $51.70,
2025-12-24 10:11:43,IREN,Current_Pivot,37.88,41.43,REJECTED,Pivot $37.88 <= opening $41.83,
2025-12-24 10:12:13,UBER,Current_Pivot,80.41,80.95,REJECTED,Pivot $80.41 <= opening $81.01,
2025-12-24 10:12:13,IONQ,Current_Pivot,48.60,48.93,REJECTED,Pivot $48.60 <= opening $51.70,
2025-12-24 10:12:13,IREN,Current_Pivot,37.88,41.42,REJECTED,Pivot $37.88 <= opening $41.83,
2025-12-24 10:12:43,UBER,Current_Pivot,80.41,80.97,REJECTED,Pivot $80.41 <= opening $81.01,
2025-12-24 10:12:43,IONQ,Current_Pivot,48.60,48.79,REJECTED,Pivot $48.60 <= opening $51.70,
2025-12-24 10:12:43,IREN,Current_Pivot,37.88,41.35,REJECTED,Pivot $37.88 <= opening $41.83,
2025-12-24 10:13:13,UBER,Current_Pivot,80.41,80.95,REJECTED,Pivot $80.41 <= opening $81.01,
2025-12-24 10:13:13,IONQ,Current_Pivot,48.60,48.88,REJECTED,Pivot $48.60 <= opening $51.70,
2025-12-24 10:13:13,IREN,Current_Pivot,37.88,41.43,REJECTED,Pivot $37.88 <= opening $41.83,
2025-12-24 10:13:43,UBER,Current_Pivot,80.41,80.96,REJECTED,Pivot $80.41 <= opening $81.01,
2025-12-24 10:13:43,IONQ,Current_Pivot,48.60,48.92,REJECTED,Pivot $48.60 <= opening $51.70,
2025-12-24 10:13:43,IREN,Current_Pivot,37.88,41.42,REJECTED,Pivot $37.88 <= opening $41.83,
2025-12-24 10:14:13,UBER,Current_Pivot,80.41,80.95,REJECTED,Pivot $80.41 <= opening $81.01,
2025-12-24 10:14:13,IONQ,Current_Pivot,48.60,48.96,REJECTED,Pivot $48.60 <= opening $51.70,
2025-12-24 10:14:13,IREN,Current_Pivot,37.88,41.40,REJECTED,Pivot $37.88 <= opening $41.83,
2025-12-24 10:14:43,UBER,Current_Pivot,80.41,80.99,REJECTED,Pivot $80.41 <= opening $81.01,
2025-12-24 10:14:43,IONQ,Current_Pivot,48.60,49.07,REJECTED,Pivot $48.60 <= opening $51.70,
2025-12-24 10:14:43,IREN,Current_Pivot,37.88,41.45,REJECTED,Pivot $37.88 <= opening $41.83,
2025-12-24 10:15:13,UBER,Current_Pivot,80.41,81.02,REJECTED,Pivot $80.41 <= opening $81.01,
2025-12-24 10:15:13,IONQ,Current_Pivot,48.60,49.08,REJECTED,Pivot $48.60 <= opening $51.70,
2025-12-24 10:15:13,IREN,Current_Pivot,37.88,41.45,REJECTED,Pivot $37.88 <= opening $41.83,
2025-12-24 10:15:43,UBER,Current_Pivot,80.41,81.00,REJECTED,Pivot $80.41 <= opening $81.01,
2025-12-24 10:15:43,IREN,Current_Pivot,37.88,41.56,REJECTED,Pivot $37.88 <= opening $41.83,
2025-12-24 10:15:43,IONQ,Current_Pivot,48.60,49.19,REJECTED,Pivot $48.60 <= opening $51.70,
2025-12-24 10:16:13,UBER,Current_Pivot,80.41,80.95,REJECTED,Pivot $80.41 <= opening $81.01,
2025-12-24 10:16:13,IREN,Current_Pivot,37.88,41.63,REJECTED,Pivot $37.88 <= opening $41.83,
2025-12-24 10:16:13,IONQ,Current_Pivot,48.60,49.27,REJECTED,Pivot $48.60 <= opening $51.70,
2025-12-24 10:16:43,UBER,Current_Pivot,80.41,80.98,REJECTED,Pivot $80.41 <= opening $81.01,
2025-12-24 10:16:43,IREN,Current_Pivot,37.88,41.68,REJECTED,Pivot $37.88 <= opening $41.83,
2025-12-24 10:16:43,IONQ,Current_Pivot,48.60,49.35,REJECTED,Pivot $48.60 <= opening $51.70,
2025-12-24 10:17:13,UBER,Current_Pivot,80.41,80.94,REJECTED,Pivot $80.41 <= opening $81.01,
2025-12-24 10:17:13,IREN,Current_Pivot,37.88,41.71,REJECTED,Pivot $37.88 <= opening $41.83,
2025-12-24 10:17:13,IONQ,Current_Pivot,48.60,49.40,REJECTED,Pivot $48.60 <= opening $51.70,
2025-12-24 10:17:43,UBER,Current_Pivot,80.41,80.95,REJECTED,Pivot $80.41 <= opening $81.01,
2025-12-24 10:17:43,IREN,Current_Pivot,37.88,41.63,REJECTED,Pivot $37.88 <= opening $41.83,
2025-12-24 10:17:43,IONQ,Current_Pivot,48.60,49.31,REJECTED,Pivot $48.60 <= opening $51.70,
2025-12-24 10:18:13,UBER,Current_Pivot,80.41,80.95,REJECTED,Pivot $80.41 <= opening $81.01,
2025-12-24 10:18:13,IREN,Current_Pivot,37.88,41.72,REJECTED,Pivot $37.88 <= opening $41.83,
2025-12-24 10:18:13,IONQ,Current_Pivot,48.60,49.25,REJECTED,Pivot $48.60 <= opening $51.70,
2025-12-24 10:18:43,UBER,Current_Pivot,80.41,80.91,REJECTED,Pivot $80.41 <= opening $81.01,
2025-12-24 10:18:43,IREN,Current_Pivot,37.88,41.64,REJECTED,Pivot $37.88 <= opening $41.83,
2025-12-24 10:18:43,IONQ,Current_Pivot,48.60,49.14,REJECTED,Pivot $48.60 <= opening $51.70,
2025-12-24 10:19:13,UBER,Current_Pivot,80.41,80.93,REJECTED,Pivot $80.41 <= opening $81.01,
2025-12-24 10:19:13,IREN,Current_Pivot,37.88,41.64,REJECTED,Pivot $37.88 <= opening $41.83,
2025-12-24 10:19:13,IONQ,Current_Pivot,48.60,49.08,REJECTED,Pivot $48.60 <= opening $51.70,
2025-12-24 10:19:43,UBER,Current_Pivot,80.41,80.93,REJECTED,Pivot $80.41 <= opening $81.01,
2025-12-24 10:19:43,IREN,Current_Pivot,37.88,41.60,REJECTED,Pivot $37.88 <= opening $41.83,
2025-12-24 10:19:43,IONQ,Current_Pivot,48.60,49.12,REJECTED,Pivot $48.60 <= opening $51.70,
2025-12-24 10:20:13,UBER,Current_Pivot,80.41,80.96,REJECTED,Pivot $80.41 <= opening $81.01,
2025-12-24 10:20:13,IREN,Current_Pivot,37.88,41.68,REJECTED,Pivot $37.88 <= opening $41.83,
2025-12-24 10:20:13,IONQ,Current_Pivot,48.60,49.20,REJECTED,Pivot $48.60 <= opening $51.70,
2025-12-24 10:20:43,UBER,Current_Pivot,80.41,80.96,REJECTED,Pivot $80.41 <= opening $81.01,
2025-12-24 10:20:43,IREN,Current_Pivot,37.88,41.58,REJECTED,Pivot $37.88 <= opening $41.83,
2025-12-24 10:20:43,IONQ,Current_Pivot,48.60,49.20,REJECTED,Pivot $48.60 <= opening $51.70,
2025-12-24 10:21:13,UBER,Current_Pivot,80.41,80.98,REJECTED,Pivot $80.41 <= opening $81.01,
2025-12-24 10:21:13,IREN,Current_Pivot,37.88,41.63,REJECTED,Pivot $37.88 <= opening $41.83,
2025-12-24 10:21:13,IONQ,Current_Pivot,48.60,49.19,REJECTED,Pivot $48.60 <= opening $51.70,
2025-12-24 10:21:43,UBER,Current_Pivot,80.41,80.99,REJECTED,Pivot $80.41 <= opening $81.01,
2025-12-24 10:21:43,IONQ,Current_Pivot,48.60,49.15,REJECTED,Pivot $48.60 <= opening $51.70,
2025-12-24 10:21:43,IREN,Current_Pivot,37.88,41.48,REJECTED,Pivot $37.88 <= opening $41.83,
2025-12-24 10:22:13,UBER,Current_Pivot,80.41,81.03,REJECTED,Pivot $80.41 <= opening $81.01,
2025-12-24 10:22:13,IONQ,Current_Pivot,48.60,49.07,REJECTED,Pivot $48.60 <= opening $51.70,
2025-12-24 10:22:13,IREN,Current_Pivot,37.88,41.41,REJECTED,Pivot $37.88 <= opening $41.83,
2025-12-24 10:22:44,UBER,Current_Pivot,80.41,81.00,REJECTED,Pivot $80.41 <= opening $81.01,
2025-12-24 10:22:44,IONQ,Current_Pivot,48.60,48.95,REJECTED,Pivot $48.60 <= opening $51.70,
2025-12-24 10:22:44,IREN,Current_Pivot,37.88,41.29,REJECTED,Pivot $37.88 <= opening $41.83,
2025-12-24 10:23:19,UBER,Current_Pivot,80.41,81.01,REJECTED,Pivot $80.41 <= opening $81.01,
2025-12-24 10:23:19,IONQ,Current_Pivot,48.60,48.96,REJECTED,Pivot $48.60 <= opening $51.70,
2025-12-24 10:23:19,IREN,Current_Pivot,37.88,41.26,REJECTED,Pivot $37.88 <= opening $41.83,
2025-12-24 10:23:49,UBER,Current_Pivot,80.41,81.03,REJECTED,Pivot $80.41 <= opening $81.01,
2025-12-24 10:23:49,IONQ,Current_Pivot,48.60,48.99,REJECTED,Pivot $48.60 <= opening $51.70,
2025-12-24 10:23:49,IREN,Current_Pivot,37.88,41.26,REJECTED,Pivot $37.88 <= opening $41.83,
2025-12-24 10:24:19,UBER,Current_Pivot,80.41,81.01,REJECTED,Pivot $80.41 <= opening $81.01,
2025-12-24 10:24:19,IONQ,Current_Pivot,48.60,48.84,REJECTED,Pivot $48.60 <= opening $51.70,
2025-12-24 10:24:19,IREN,Current_Pivot,37.88,41.21,REJECTED,Pivot $37.88 <= opening $41.83,
2025-12-24 10:24:49,UBER,Current_Pivot,80.41,81.00,REJECTED,Pivot $80.41 <= opening $81.01,
2025-12-24 10:24:49,IONQ,Current_Pivot,48.60,48.92,REJECTED,Pivot $48.60 <= opening $51.70,
2025-12-24 10:24:49,IREN,Current_Pivot,37.88,41.17,REJECTED,Pivot $37.88 <= opening $41.83,
2025-12-24 10:25:19,UBER,Current_Pivot,80.41,80.98,REJECTED,Pivot $80.41 <= opening $81.01,
2025-12-24 10:25:19,IONQ,Current_Pivot,48.60,48.80,REJECTED,Pivot $48.60 <= opening $51.70,
2025-12-24 10:25:19,IREN,Current_Pivot,37.88,41.19,REJECTED,Pivot $37.88 <= opening $41.83,
2025-12-24 10:25:49,UBER,Current_Pivot,80.41,81.00,REJECTED,Pivot $80.41 <= opening $81.01,
2025-12-24 10:25:49,IONQ,Current_Pivot,48.60,48.87,REJECTED,Pivot $48.60 <= opening $51.70,
2025-12-24 10:25:49,IREN,Current_Pivot,37.88,41.24,REJECTED,Pivot $37.88 <= opening $41.83,
2025-12-24 10:26:19,UBER,Current_Pivot,80.41,81.04,REJECTED,Pivot $80.41 <= opening $81.01,
2025-12-24 10:26:19,IONQ,Current_Pivot,48.60,48.90,REJECTED,Pivot $48.60 <= opening $51.70,
2025-12-24 10:26:19,IREN,Current_Pivot,37.88,41.27,REJECTED,Pivot $37.88 <= opening $41.83,
2025-12-24 10:26:49,UBER,Current_Pivot,80.41,81.05,REJECTED,Pivot $80.41 <= opening $81.01,
2025-12-24 10:26:49,IONQ,Current_Pivot,48.60,48.93,REJECTED,Pivot $48.60 <= opening $51.70,
2025-12-24 10:26:49,IREN,Current_Pivot,37.88,41.29,REJECTED,Pivot $37.88 <= opening $41.83,
2025-12-24 10:27:19,UBER,Current_Pivot,80.41,81.05,REJECTED,Pivot $80.41 <= opening $81.01,
2025-12-24 10:27:19,IONQ,Current_Pivot,48.60,48.94,REJECTED,Pivot $48.60 <= opening $51.70,
2025-12-24 10:27:19,IREN,Current_Pivot,37.88,41.39,REJECTED,Pivot $37.88 <= opening $41.83,
2025-12-24 10:27:49,UBER,Current_Pivot,80.41,81.04,REJECTED,Pivot $80.41 <= opening $81.01,
2025-12-24 10:27:49,IONQ,Current_Pivot,48.60,49.00,REJECTED,Pivot $48.60 <= opening $51.70,
2025-12-24 10:27:49,IREN,Current_Pivot,37.88,41.35,REJECTED,Pivot $37.88 <= opening $41.83,
2025-12-24 10:28:19,UBER,Current_Pivot,80.41,81.04,REJECTED,Pivot $80.41 <= opening $81.01,
2025-12-24 10:28:19,IONQ,Current_Pivot,48.60,49.09,REJECTED,Pivot $48.60 <= opening $51.70,
2025-12-24 10:28:19,IREN,Current_Pivot,37.88,41.33,REJECTED,Pivot $37.88 <= opening $41.83,
2025-12-24 10:28:49,UBER,Current_Pivot,80.41,81.03,REJECTED,Pivot $80.41 <= opening $81.01,
2025-12-24 10:28:49,IONQ,Current_Pivot,48.60,48.96,REJECTED,Pivot $48.60 <= opening $51.70,
2025-12-24 10:28:49,IREN,Current_Pivot,37.88,41.20,REJECTED,Pivot $37.88 <= opening $41.83,
2025-12-24 10:29:19,UBER,Current_Pivot,80.41,81.04,REJECTED,Pivot $80.41 <= opening $81.01,
2025-12-24 10:29:19,IONQ,Current_Pivot,48.60,48.98,REJECTED,Pivot $48.60 <= opening $51.70,
2025-12-24 10:29:19,IREN,Current_Pivot,37.88,41.23,REJECTED,Pivot $37.88 <= opening $41.83,
2025-12-24 10:29:49,UBER,Current_Pivot,80.41,81.09,REJECTED,Pivot $80.41 <= opening $81.01,
2025-12-24 10:29:49,IONQ,Current_Pivot,48.60,49.06,REJECTED,Pivot $48.60 <= opening $51.70,
2025-12-24 10:29:49,IREN,Current_Pivot,37.88,41.22,REJECTED,Pivot $37.88 <= opening $41.83,
2025-12-24 10:30:19,UBER,Current_Pivot,80.41,81.07,REJECTED,Pivot $80.41 <= opening $81.01,
2025-12-24 10:30:19,IONQ,Current_Pivot,48.60,49.17,REJECTED,Pivot $48.60 <= opening $51.70,
2025-12-24 10:30:19,IREN,Current_Pivot,37.88,41.44,REJECTED,Pivot $37.88 <= opening $41.83,
2025-12-24 10:30:49,UBER,Current_Pivot,80.41,81.05,REJECTED,Pivot $80.41 <= opening $81.01,
2025-12-24 10:30:49,IREN,Current_Pivot,37.88,41.48,REJECTED,Pivot $37.88 <= opening $41.83,
2025-12-24 10:30:49,IONQ,Current_Pivot,48.60,49.23,REJECTED,Pivot $48.60 <= opening $51.70,
2025-12-24 10:31:19,UBER,Current_Pivot,80.41,81.06,REJECTED,Pivot $80.41 <= opening $81.01,
2025-12-24 10:31:19,IONQ,Current_Pivot,48.60,49.21,REJECTED,Pivot $48.60 <= opening $51.70,
2025-12-24 10:31:19,IREN,Current_Pivot,37.88,41.46,REJECTED,Pivot $37.88 <= opening $41.83,
2025-12-24 10:31:49,UBER,Current_Pivot,80.41,81.07,REJECTED,Pivot $80.41 <= opening $81.01,
2025-12-24 10:31:49,IONQ,Current_Pivot,48.60,49.17,REJECTED,Pivot $48.60 <= opening $51.70,
2025-12-24 10:31:49,IREN,Current_Pivot,37.88,41.36,REJECTED,Pivot $37.88 <= opening $41.83,
2025-12-24 10:32:19,UBER,Current_Pivot,80.41,81.07,REJECTED,Pivot $80.41 <= opening $81.01,
2025-12-24 10:32:19,IONQ,Current_Pivot,48.60,49.22,REJECTED,Pivot $48.60 <= opening $51.70,
2025-12-24 10:32:19,IREN,Current_Pivot,37.88,41.41,REJECTED,Pivot $37.88 <= opening $41.83,
2025-12-24 10:32:49,UBER,Current_Pivot,80.41,81.09,REJECTED,Pivot $80.41 <= opening $81.01,
2025-12-24 10:32:49,IONQ,Current_Pivot,48.60,49.08,REJECTED,Pivot $48.60 <= opening $51.70,
2025-12-24 10:32:49,IREN,Current_Pivot,37.88,41.38,REJECTED,Pivot $37.88 <= opening $41.83,
2025-12-24 10:33:19,UBER,Current_Pivot,80.41,81.09,REJECTED,Pivot $80.41 <= opening $81.01,
2025-12-24 10:33:19,IREN,Current_Pivot,37.88,41.47,REJECTED,Pivot $37.88 <= opening $41.83,
2025-12-24 10:33:19,IONQ,Current_Pivot,48.60,49.27,REJECTED,Pivot $48.60 <= opening $51.70,
2025-12-24 10:33:49,UBER,Current_Pivot,80.41,81.05,REJECTED,Pivot $80.41 <= opening $81.01,
2025-12-24 10:33:49,IONQ,Current_Pivot,48.60,49.18,REJECTED,Pivot $48.60 <= opening $51.70,
2025-12-24 10:33:49,IREN,Current_Pivot,37.88,41.42,REJECTED,Pivot $37.88 <= opening $41.83,
2025-12-24 10:34:19,UBER,Current_Pivot,80.41,81.09,REJECTED,Pivot $80.41 <= opening $81.01,
2025-12-24 10:34:19,IREN,Current_Pivot,37.88,41.48,REJECTED,Pivot $37.88 <= opening $41.83,
2025-12-24 10:34:19,IONQ,Current_Pivot,48.60,49.19,REJECTED,Pivot $48.60 <= opening $51.70,
2025-12-24 10:34:49,UBER,Current_Pivot,80.41,81.07,REJECTED,Pivot $80.41 <= opening $81.01,
2025-12-24 10:34:49,IONQ,Current_Pivot,48.60,49.16,REJECTED,Pivot $48.60 <= opening $51.70,
2025-12-24 10:34:49,IREN,Current_Pivot,37.88,41.47,REJECTED,Pivot $37.88 <= opening $41.83,
2025-12-24 10:35:19,UBER,Current_Pivot,80.41,81.07,REJECTED,Pivot $80.41 <= opening $81.01,
2025-12-24 10:35:19,IREN,Current_Pivot,37.88,41.52,REJECTED,Pivot $37.88 <= opening $41.83,
2025-12-24 10:35:19,IONQ,Current_Pivot,48.60,49.22,REJECTED,Pivot $48.60 <= opening $51.70,
2025-12-24 10:35:49,UBER,Current_Pivot,80.41,81.03,REJECTED,Pivot $80.41 <= opening $81.01,
2025-12-24 10:36:19,UBER,Current_Pivot,80.41,81.05,REJECTED,Pivot $80.41 <= opening $81.01,
2025-12-24 10:36:19,IREN,Current_Pivot,37.88,41.63,REJECTED,Pivot $37.88 <= opening $41.83,
2025-12-24 10:36:49,UBER,Current_Pivot,80.41,81.07,REJECTED,Pivot $80.41 <= opening $81.01,
2025-12-24 10:37:19,UBER,Current_Pivot,80.41,81.04,REJECTED,Pivot $80.41 <= opening $81.01,
2025-12-24 10:37:50,UBER,Current_Pivot,80.41,81.04,REJECTED,Pivot $80.41 <= opening $81.01,
2025-12-24 10:38:20,UBER,Current_Pivot,80.41,81.05,REJECTED,Pivot $80.41 <= opening $81.01,
2025-12-24 10:38:20,IREN,Current_Pivot,37.88,41.55,REJECTED,Pivot $37.88 <= opening $41.83,
2025-12-24 10:38:50,UBER,Current_Pivot,80.41,81.04,REJECTED,Pivot $80.41 <= opening $81.01,
2025-12-24 10:39:20,UBER,Current_Pivot,80.41,81.03,REJECTED,Pivot $80.41 <= opening $81.01,
2025-12-24 10:39:50,UBER,Current_Pivot,80.41,81.06,REJECTED,Pivot $80.41 <= opening $81.01,
2025-12-24 10:40:20,UBER,Current_Pivot,80.41,81.08,REJECTED,Pivot $80.41 <= opening $81.01,
2025-12-24 10:40:50,UBER,Current_Pivot,80.41,81.06,REJECTED,Pivot $80.41 <= opening $81.01,
2025-12-24 10:41:20,UBER,Current_Pivot,80.41,81.10,REJECTED,Pivot $80.41 <= opening $81.01,
2025-12-24 10:41:20,IREN,Current_Pivot,37.88,41.59,REJECTED,Pivot $37.88 <= opening $41.83,
2025-12-24 10:41:50,UBER,Current_Pivot,80.41,81.10,REJECTED,Pivot $80.41 <= opening $81.01,
2025-12-24 10:41:50,IREN,Current_Pivot,37.88,41.64,REJECTED,Pivot $37.88 <= opening $41.83,
2025-12-24 10:41:55,UBER,Current_Pivot,80.41,81.10,REJECTED,Pivot $80.41 <= opening $81.01,
2025-12-24 10:41:55,IREN,Current_Pivot,37.88,41.64,REJECTED,Pivot $37.88 <= opening $41.83,
2025-12-24 10:42:25,UBER,Current_Pivot,80.41,81.14,REJECTED,Pivot $80.41 <= opening $81.01,
2025-12-24 10:42:25,IREN,Current_Pivot,37.88,41.70,REJECTED,Pivot $37.88 <= opening $41.83,
2025-12-24 10:42:55,UBER,Current_Pivot,80.41,81.17,REJECTED,Pivot $80.41 <= opening $81.01,
2025-12-24 10:42:55,IREN,Current_Pivot,37.88,41.68,REJECTED,Pivot $37.88 <= opening $41.83,
2025-12-24 10:43:25,UBER,Current_Pivot,80.41,81.21,REJECTED,Pivot $80.41 <= opening $81.01,
2025-12-24 10:43:25,IREN,Current_Pivot,37.88,41.68,REJECTED,Pivot $37.88 <= opening $41.83,
2025-12-24 10:43:55,UBER,Current_Pivot,80.41,81.23,REJECTED,Pivot $80.41 <= opening $81.01,
2025-12-24 10:43:55,IREN,Current_Pivot,37.88,41.66,REJECTED,Pivot $37.88 <= opening $41.83,
2025-12-24 10:44:25,UBER,Current_Pivot,80.41,81.22,REJECTED,Pivot $80.41 <= opening $81.01,
2025-12-24 10:44:25,IREN,Current_Pivot,37.88,41.67,REJECTED,Pivot $37.88 <= opening $41.83,
2025-12-24 10:44:55,UBER,Current_Pivot,80.41,81.23,REJECTED,Pivot $80.41 <= opening $81.01,
2025-12-24 10:44:55,IREN,Current_Pivot,37.88,41.62,REJECTED,Pivot $37.88 <= opening $41.83,
2025-12-24 10:45:25,UBER,Current_Pivot,80.41,81.22,REJECTED,Pivot $80.41 <= opening $81.01,
2025-12-24 10:45:25,IREN,Current_Pivot,37.88,41.67,REJECTED,Pivot $37.88 <= opening $41.83,
2025-12-24 10:45:55,UBER,Current_Pivot,80.41,81.19,REJECTED,Pivot $80.41 <= opening $81.01,
2025-12-24 10:45:55,IREN,Current_Pivot,37.88,41.69,REJECTED,Pivot $37.88 <= opening $41.83,
2025-12-24 10:46:25,UBER,Current_Pivot,80.41,81.21,REJECTED,Pivot $80.41 <= opening $81.01,
2025-12-24 10:46:25,IREN,Current_Pivot,37.88,41.70,REJECTED,Pivot $37.88 <= opening $41.83,
2025-12-24 10:46:55,UBER,Current_Pivot,80.41,81.18,REJECTED,Pivot $80.41 <= opening $81.01,
2025-12-24 10:46:55,IREN,Current_Pivot,37.88,41.67,REJECTED,Pivot $37.88 <= opening $41.83,
2025-12-24 10:47:25,UBER,Current_Pivot,80.41,81.21,REJECTED,Pivot $80.41 <= opening $81.01,
2025-12-24 10:47:25,IREN,Current_Pivot,37.88,41.66,REJECTED,Pivot $37.88 <= opening $41.83,
2025-12-24 10:47:55,UBER,Current_Pivot,80.41,81.24,REJECTED,Pivot $80.41 <= opening $81.01,
2025-12-24 10:47:55,IONQ,Current_Pivot,48.60,49.00,REJECTED,Pivot $48.60 <= opening $51.70,
2025-12-24 10:47:55,IREN,Current_Pivot,37.88,41.64,REJECTED,Pivot $37.88 <= opening $41.83,
2025-12-24 10:48:25,UBER,Current_Pivot,80.41,81.24,REJECTED,Pivot $80.41 <= opening $81.01,
2025-12-24 10:48:25,IREN,Current_Pivot,37.88,41.63,REJECTED,Pivot $37.88 <= opening $41.83,
2025-12-24 10:48:25,IONQ,Current_Pivot,48.60,49.02,REJECTED,Pivot $48.60 <= opening $51.70,
2025-12-24 10:48:55,UBER,Current_Pivot,80.41,81.21,REJECTED,Pivot $80.41 <= opening $81.01,
2025-12-24 10:48:55,IREN,Current_Pivot,37.88,41.63,REJECTED,Pivot $37.88 <= opening $41.83,
2025-12-24 10:49:25,UBER,Current_Pivot,80.41,81.21,REJECTED,Pivot $80.41 <= opening $81.01,
2025-12-24 10:49:25,IONQ,Current_Pivot,48.60,49.03,REJECTED,Pivot $48.60 <= opening $51.70,
2025-12-24 10:49:25,IREN,Current_Pivot,37.88,41.61,REJECTED,Pivot $37.88 <= opening $41.83,
2025-12-24 10:49:40,IONQ,Current_Pivot,48.60,49.03,REJECTED,Pivot $48.60 <= opening $51.70,
2025-12-24 10:49:55,UBER,Current_Pivot,80.41,81.19,REJECTED,Pivot $80.41 <= opening $81.01,
2025-12-24 10:49:55,IONQ,Current_Pivot,48.60,49.05,REJECTED,Pivot $48.60 <= opening $51.70,
2025-12-24 10:49:55,IREN,Current_Pivot,37.88,41.59,REJECTED,Pivot $37.88 <= opening $41.83,
2025-12-24 10:50:25,UBER,Current_Pivot,80.41,81.20,REJECTED,Pivot $80.41 <= opening $81.01,
2025-12-24 10:50:25,IREN,Current_Pivot,37.88,41.67,REJECTED,Pivot $37.88 <= opening $41.83,
2025-12-24 10:50:25,IONQ,Current_Pivot,48.60,48.99,REJECTED,Pivot $48.60 <= opening $51.70,
2025-12-24 10:50:55,UBER,Current_Pivot,80.41,81.23,REJECTED,Pivot $80.41 <= opening $81.01,
2025-12-24 10:50:55,IREN,Current_Pivot,37.88,41.69,REJECTED,Pivot $37.88 <= opening $41.83,
2025-12-24 10:50:55,IONQ,Current_Pivot,48.60,48.96,REJECTED,Pivot $48.60 <= opening $51.70,
2025-12-24 10:51:25,UBER,Current_Pivot,80.41,81.24,REJECTED,Pivot $80.41 <= opening $81.01,
2025-12-24 10:51:25,IREN,Current_Pivot,37.88,41.78,REJECTED,Pivot $37.88 <= opening $41.83,
2025-12-24 10:51:55,UBER,Current_Pivot,80.41,81.24,REJECTED,Pivot $80.41 <= opening $81.01,
2025-12-24 10:51:55,IREN,Current_Pivot,37.88,41.69,REJECTED,Pivot $37.88 <= opening $41.83,
2025-12-24 10:51:55,IONQ,Current_Pivot,48.60,48.99,REJECTED,Pivot $48.60 <= opening $51.70,
2025-12-24 10:52:25,UBER,Current_Pivot,80.41,81.25,REJECTED,Pivot $80.41 <= opening $81.01,
2025-12-24 10:52:25,IREN,Current_Pivot,37.88,41.70,REJECTED,Pivot $37.88 <= opening $41.83,
2025-12-24 10:52:25,IONQ,Current_Pivot,48.60,49.06,REJECTED,Pivot $48.60 <= opening $51.70,
2025-12-24 10:52:56,UBER,Current_Pivot,80.41,81.26,REJECTED,Pivot $80.41 <= opening $81.01,
2025-12-24 10:52:56,IREN,Current_Pivot,37.88,41.65,REJECTED,Pivot $37.88 <= opening $41.83,
2025-12-24 10:52:56,IONQ,Current_Pivot,48.60,49.00,REJECTED,Pivot $48.60 <= opening $51.70,
2025-12-24 10:53:26,UBER,Current_Pivot,80.41,81.27,REJECTED,Pivot $80.41 <= opening $81.01,
2025-12-24 10:53:26,IREN,Current_Pivot,37.88,41.62,REJECTED,Pivot $37.88 <= opening $41.83,
2025-12-24 10:53:26,IONQ,Current_Pivot,48.60,49.04,REJECTED,Pivot $48.60 <= opening $51.70,
2025-12-24 10:53:56,UBER,Current_Pivot,80.41,81.26,REJECTED,Pivot $80.41 <= opening $81.01,
2025-12-24 10:53:56,IREN,Current_Pivot,37.88,41.67,REJECTED,Pivot $37.88 <= opening $41.83,
2025-12-24 10:53:56,IONQ,Current_Pivot,48.60,49.05,REJECTED,Pivot $48.60 <= opening $51.70,
2025-12-24 10:54:26,UBER,Current_Pivot,80.41,81.26,REJECTED,Pivot $80.41 <= opening $81.01,
2025-12-24 10:54:26,IREN,Current_Pivot,37.88,41.68,REJECTED,Pivot $37.88 <= opening $41.83,
2025-12-24 10:54:26,IONQ,Current_Pivot,48.60,49.04,REJECTED,Pivot $48.60 <= opening $51.70,
2025-12-24 10:54:56,UBER,Current_Pivot,80.41,81.26,REJECTED,Pivot $80.41 <= opening $81.01,
2025-12-24 10:54:56,IREN,Current_Pivot,37.88,41.65,REJECTED,Pivot $37.88 <= opening $41.83,
2025-12-24 10:54:56,IONQ,Current_Pivot,48.60,49.05,REJECTED,Pivot $48.60 <= opening $51.70,
2025-12-24 10:55:26,UBER,Current_Pivot,80.41,81.24,REJECTED,Pivot $80.41 <= opening $81.01,
2025-12-24 10:55:26,IREN,Current_Pivot,37.88,41.60,REJECTED,Pivot $37.88 <= opening $41.83,
2025-12-24 10:55:26,IONQ,Current_Pivot,48.60,49.08,REJECTED,Pivot $48.60 <= opening $51.70,
2025-12-24 10:55:56,UBER,Current_Pivot,80.41,81.25,REJECTED,Pivot $80.41 <= opening $81.01,
2025-12-24 10:55:56,IREN,Current_Pivot,37.88,41.65,REJECTED,Pivot $37.88 <= opening $41.83,
2025-12-24 10:56:06,IONQ,Current_Pivot,48.60,49.12,REJECTED,Pivot $48.60 <= opening $51.70,
2025-12-24 10:56:26,UBER,Current_Pivot,80.41,81.23,REJECTED,Pivot $80.41 <= opening $81.01,
2025-12-24 10:56:26,IREN,Current_Pivot,37.88,41.64,REJECTED,Pivot $37.88 <= opening $41.83,
2025-12-24 10:56:26,IONQ,Current_Pivot,48.60,49.08,REJECTED,Pivot $48.60 <= opening $51.70,
2025-12-24 10:56:56,UBER,Current_Pivot,80.41,81.23,REJECTED,Pivot $80.41 <= opening $81.01,
2025-12-24 10:56:56,IONQ,Current_Pivot,48.60,48.92,REJECTED,Pivot $48.60 <= opening $51.70,
2025-12-24 10:56:56,IREN,Current_Pivot,37.88,41.57,REJECTED,Pivot $37.88 <= opening $41.83,
2025-12-24 10:57:26,UBER,Current_Pivot,80.41,81.22,REJECTED,Pivot $80.41 <= opening $81.01,
2025-12-24 10:57:26,IONQ,Current_Pivot,48.60,48.88,REJECTED,Pivot $48.60 <= opening $51.70,
2025-12-24 10:57:26,IREN,Current_Pivot,37.88,41.51,REJECTED,Pivot $37.88 <= opening $41.83,
2025-12-24 10:57:56,UBER,Current_Pivot,80.41,81.23,REJECTED,Pivot $80.41 <= opening $81.01,
2025-12-24 10:57:56,IONQ,Current_Pivot,48.60,49.02,REJECTED,Pivot $48.60 <= opening $51.70,
2025-12-24 10:57:56,IREN,Current_Pivot,37.88,41.52,REJECTED,Pivot $37.88 <= opening $41.83,
2025-12-24 10:58:26,UBER,Current_Pivot,80.41,81.23,REJECTED,Pivot $80.41 <= opening $81.01,
2025-12-24 10:58:26,IONQ,Current_Pivot,48.60,48.93,REJECTED,Pivot $48.60 <= opening $51.70,
2025-12-24 10:58:56,UBER,Current_Pivot,80.41,81.26,REJECTED,Pivot $80.41 <= opening $81.01,
2025-12-24 10:58:56,IONQ,Current_Pivot,48.60,48.90,REJECTED,Pivot $48.60 <= opening $51.70,
2025-12-24 10:58:56,IREN,Current_Pivot,37.88,41.50,REJECTED,Pivot $37.88 <= opening $41.83,
2025-12-24 10:59:26,UBER,Current_Pivot,80.41,81.25,REJECTED,Pivot $80.41 <= opening $81.01,
2025-12-24 10:59:26,IONQ,Current_Pivot,48.60,48.97,REJECTED,Pivot $48.60 <= opening $51.70,
2025-12-24 10:59:26,IREN,Current_Pivot,37.88,41.59,REJECTED,Pivot $37.88 <= opening $41.83,
2025-12-24 10:59:56,UBER,Current_Pivot,80.41,81.26,REJECTED,Pivot $80.41 <= opening $81.01,
2025-12-24 10:59:56,IONQ,Current_Pivot,48.60,48.97,REJECTED,Pivot $48.60 <= opening $51.70,
2025-12-24 11:00:26,UBER,Current_Pivot,80.41,81.25,REJECTED,Pivot $80.41 <= opening $81.01,
2025-12-24 11:00:26,IONQ,Current_Pivot,48.60,49.00,REJECTED,Pivot $48.60 <= opening $51.70,
2025-12-24 11:00:56,UBER,Current_Pivot,80.41,81.26,REJECTED,Pivot $80.41 <= opening $81.01,
2025-12-24 11:00:56,IONQ,Current_Pivot,48.60,48.98,REJECTED,Pivot $48.60 <= opening $51.70,
2025-12-24 11:01:31,UBER,Current_Pivot,80.41,81.26,REJECTED,Pivot $80.41 <= opening $81.01,
2025-12-24 11:01:31,IONQ,Current_Pivot,48.60,49.04,REJECTED,Pivot $48.60 <= opening $51.70,
2025-12-24 11:02:01,UBER,Current_Pivot,80.41,81.25,REJECTED,Pivot $80.41 <= opening $81.01,
2025-12-24 11:02:31,UBER,Current_Pivot,80.41,81.25,REJECTED,Pivot $80.41 <= opening $81.01,
2025-12-24 11:03:01,UBER,Current_Pivot,80.41,81.25,REJECTED,Pivot $80.41 <= opening $81.01,
2025-12-24 11:03:31,UBER,Current_Pivot,80.41,81.25,REJECTED,Pivot $80.41 <= opening $81.01,
2025-12-24 11:04:01,UBER,Current_Pivot,80.41,81.23,REJECTED,Pivot $80.41 <= opening $81.01,
